Cluster,n_provinces,Mean_mean,Mean_std,CV_mean,CV_std,Trend_mean,Trend_std,Autocorr_mean,Autocorr_std,Skewness_mean,Skewness_std
0,12,41318.91522337228,4815.470347887798,0.09809187440993872,0.02283455764196817,0.00015064385729421232,6.833575654766069e-05,0.9447896342430339,0.04919476397119846,0.15783566181299394,0.3869328336674146
1,22,35823.34158714898,2891.5269860622875,0.13139340156303672,0.019564014866317044,0.00016979836629991995,5.6191904801691935e-05,0.9818815402371026,0.014098964144117257,0.1803594297901829,0.3174889571826342
