Feature_Type,t_statistic,p_value,cohens_d,significance
CV,-9.254515374091884,1.4568465600492416e-10,-3.3655503806381097,***
Mean,6.729814163552974,1.3359817359598132e-07,2.3361832111361167,***
Autocorr,-4.341532697921932,0.0001329772313469,-1.386091491278978,***
Trend,-2.3723287984251065,0.023855829857991,-0.8691732443828352,*
Skewness,-0.4704041044786579,0.6412568519643556,-0.1675610971954822,ns
